Department,Department
All Departments,All Departments
Previous,Previous
Next,Next
slide {{index}} of {{slidesLength}} slide,slide {{index}} of {{slidesLength}} slide
This is a slide for a brand,This is a slide for a brand
Compare Products,Compare Products
%1 Items,%1 Items
%1 Item,%1 Item
Toggle search form,Toggle search form
Compras & Listas,Order & List
Toggle minicart,Toggle minicart
View cart,View cart
Cart is empty,Cart is empty
%1 items,%1 items
%1 item,%1 item
My Account,My Account
Cuenta,Account
Create an Account,Create an Account
Sign In,Sign In
Currency,Currency
Keep in touch!,Keep in touch!
Email Address,Email Address
Email,Email
Enter your email address,Enter your email address
Subscribe,Subscribe
Language,Country
Terms,Terms
Privacy and Cookie Policy,Privacy and Cookie Policy
Enable Cookies,Enable Cookies
Aid,Help
Gift Cards,Gift Cards
Sell products with us,Sell products with us
Sell ,Sell  
products with us,products with us
Go to Home page,Go to Home page
Store logo,Store logo
Accesos Rápidos,Accesos Rápidos
My Account,My Account
Tus Pedidos,Tus Pedidos
Shopping Info,Shopping Info
Opciones de Pago Seguro,Opciones de Pago Seguro
Envíos & Entrega,Envíos & Entrega
Devoluciones & Reembolsos,Devoluciones & Reembolsos
Make Money with Us,Haz Dinero Con Nosotros
Sell on Ginoi,Vende tus productos en Ginoi
Advertise Your Products,Publicita con Productos
Follow Us,Follow Us
Let Us Help You,Let Us Help You
Frequently Asked Question,Preguntas Frecuentes
Size Guide,Size Guide
Enviar un Mensaje,Enviar un Mensaje
Create a Support Ticket,Create a Support Ticket
Search,Search
Search entire store here...,Search entire store here...
View all results →,View all results →
popularTitle,popularTitle
In stock,In stock
Out of stock,Out of stock
Add To Cart,Add To Cart
No results found.,No results found.
Watches,Watches
Popular Products,Popular Products
Skip to Content,Skip to Content
Address Book,Address Book
Sign Out,Sign Out
Articles,Articles
Results per page,Results per page
Need help?,Need help?
Help Area,Help Area
or,or
Contact Us,Contact Us
Visit,Visit
Items %1-%2 of %3,Items %1-%2 of %3
Articles %1-%2 of %3,Articles %1-%2 of %3
Article %1,Article %1
¿Qué estas comprando el día de hoy?,What are you shopping for today?
Watches,Watches
Quick Access,Quick Access
Create an Account,Create an Account
My Account,My Account
Your Orders,Your Orders
Shopping Info,Shopping Info
Secure Payment Options,Secure Payment Options
Shipping & Delivery,Shipping & Delivery
Returns & Refunds,Returns & Refunds
Make Money with Us,Make Money with Us
Sell your products on Ginoi,Sell your products on Ginoi
Advertise with Products,Advertise with Products
Follow Us,Follow Us
Let Us Help You,Let Us Help You
Frequently Asked Questions,Frequently Asked Questions
Size Guide,Size Guide
Send a Message,Send a Message
Stay in touch!,Stay in touch!
Create a Support Ticket,Create a Support Ticket
Buscar,Search
Busca algo chévere...,Search entire store here...
View all results →,View all results →
popularTitle,popularTitle
In stock,In stock
Agotado,Out of stock
Agregar a Cesta,Add To Cart
No results found.,No results found.
Relojes,Watches
Popular Products,Popular Products
Skip to Content,Skip to Content
Libreta de Direcciones,Address Book
Cerrar Sesión,Sign Out
Productos,Articles
Mostrar por página,Results per page
¿Necesitas ayuda?,Need help?
Sección de Ayuda,Help Area
o,or
Contáctanos,Contact Us
Visita la,Visit
Comprar por Categoría / ,Shop by Category / 
Productos %1-%2 de %3,Items %1-%2 of %3
Productos %1-%2 de %3,Articles %1-%2 of %3
Producto %1,Article %1
¿Qué estas comprando el día de hoy?,What are you shopping for today?
Relojes,Watches
Ingrese el destino para obtener un precio estimado de envío.,Enter your destination to get a shipping estimate.
Términos & Condiciones,Terms & Conditions
Política de Privacidad,Privacy Policy
Dijes,knowledge
Aretes,Earrings
Anillos,Rings
Brazaletes & Pulseras,Bangles & Bracelets
Cadenas,Chains
Collares,Necklaces
Juego de Prendas,Garment Set
Joyería Corporal,Body Jewelry
Accesorios de Cabello,Hair Accessories
Ropa de deporte,Sportswear
Maquillaje,Make-up
Gafas,Glasses
Bolsos y Carteras,Bags and Wallets
Empaques,Packaging
Carro de la compra,Shopping Cart
Religions & Beliefs,Religions & Beliefs
Featured Brands,Featured Brands
Returns & Refunds,Returns & Refunds
Marcas Destacadas,Featured Brands
Introduce tu correo electrónico,Enter your email address
Suscribirme,Subscribe
País,Country
Moneda,Currency
Nuestros Departamentos,Our Departments
Cesta,Bag
Habilitar Cookies,Enable Cookies
Sell products with us,Sell products with us
Forgot Your Password?,Forgot Your Password?
New on Ginoi ?,New on Ginoi ?
New on,New on
Already a Ginoi Member ?,Already a Ginoi Member ?
Already,Already
a Ginoi Member ?,a Ginoi Member ?
Customer Login,Customer Login
My Cart,My Cart
Cart is empty,My Cart is Empty
Add to Cart,Add to Cart
Profile,Profile
Order Tracking,Order Tracking
Repeat Order,Repeat Order
Lists,Lists
Discount Coupon,Discount Coupon
Subtotal,Sub-Total:
Grand Total,Total:
State/Province,State/Province
Delete,Delete
Proceed to Checkout,Proceed to Checkout
Accepted Payment Methods,Accepted Payment Methods
Wish List,Wish List
Amount,Amount
or,or
Check,Check
My bag,My Bag
Product Description,Product Description
Estimate Shipping and Tax,Estimate Shipping and Tax
Update Shopping Cart,Update Shopping Cart
Sign Up for Newsletter,Sign Up for Newsletter
Allow remote shopping assistance,Allow remote shopping assistance
Create New Customer Account,Create New Customer Account
Has your email changed?,Has your email changed ?
"If you no longer use the email address associated with your Ginoi account, you may contact ","If you no longer use the email address associated with your Ginoi account, you may contact "
for help restoring access to your account.,for help restoring access to your account.
We can help you,We can help you
We can,We can
help you,help you
Go back,Go Back
Password Recovery,Password Recovery
Shop All,Shop All
with Your Social Profile,with Your Social Profile
Sign up,Sign up
Profile & Password,Profile & Password
Additional Registered Addresses,Additional Registered Addresses
Add a New Address Book,Add a New Address
 Add a New Address Book,Add a New Address
View / Edit Cart,View / Edit Cart